,title,rating,ratingLevel,ratingDescription,release year,user rating score,user rating size,Movie or Show
2,Grey's Anatomy,TV-14,Parents strongly cautioned. May be unsuitable for children ages 14 and under.,90,2016,98.0,80,Show
3,Prison Break,TV-14,Parents strongly cautioned. May be unsuitable for children ages 14 and under.,90,2008,98.0,80,Show
4,How I Met Your Mother,TV-PG,Parental guidance suggested. May not be suitable for all children.,70,2014,94.0,80,Show
5,Supernatural,TV-14,Parents strongly cautioned. May be unsuitable for children ages 14 and under.,90,2016,95.0,80,Show
6,Breaking Bad,TV-MA,For mature audiences.  May not be suitable for children 17 and under.,110,2013,97.0,80,Show
7,The Vampire Diaries,TV-14,Parents strongly cautioned. May be unsuitable for children ages 14 and under.,90,2017,91.0,80,Show
8,The Walking Dead,TV-MA,For mature audiences.  May not be suitable for children 17 and under.,110,2015,98.0,80,Show
9,Pretty Little Liars,TV-14,Parents strongly cautioned. May be unsuitable for children ages 14 and under.,90,2016,96.0,80,Show
10,Once Upon a Time,TV-PG,Parental guidance suggested. May not be suitable for all children.,70,2016,98.0,80,Show
11,Sherlock,TV-14,Parents strongly cautioned. May be unsuitable for children ages 14 and under.,90,2016,95.0,80,Show
12,Death Note,TV-14,Parents strongly cautioned. May be unsuitable for children ages 14 and under.,90,2006,77.0,80,Show
13,Naruto,TV-PG,Parental guidance suggested. May not be suitable for all children.,70,2008,88.0,80,Show
15,Lottie Dottie Chicken,TV-Y,Suitable for all ages.,10,2009,,82,Show
16,Arrow,TV-14,Parents strongly cautioned. May be unsuitable for children ages 14 and under.,90,2015,96.0,80,Show
17,Black Mirror,TV-MA,For mature audiences.  May not be suitable for children 17 and under.,110,2016,80.0,80,Show
18,The Originals,TV-14,Parents strongly cautioned. May be unsuitable for children ages 14 and under.,90,2016,74.0,80,Show
20,Masha and the Bear,TV-Y,Suitable for all ages.,10,2013,81.0,80,Show
21,"Ã“ Pai, Ã“ - Look at This",TV-MA,For mature audiences.  May not be suitable for children 17 and under.,110,2007,,82,Show
24,Marvel's Luke Cage,TV-MA,For mature audiences.  May not be suitable for children 17 and under.,110,2016,95.0,80,Show
25,Marvel's Iron Fist,TV-MA,,110,2017,98.0,80,Show
26,Narcos,TV-MA,For mature audiences.  May not be suitable for children 17 and under.,110,2016,94.0,80,Show
27,The Flash,TV-PG,Parental guidance suggested. May not be suitable for all children.,70,2016,98.0,80,Show
28,The Seven Deadly Sins,TV-14,Parents strongly cautioned. May be unsuitable for children ages 14 and under.,90,2016,,82,Show
29,Scream,TV-14,Parents strongly cautioned. May be unsuitable for children ages 14 and under.,90,2016,,82,Show
30,The Do-Over,TV-MA,For mature audiences.  May not be suitable for children 17 and under.,110,2016,84.0,80,Show
31,OperaÃ§Ãµes Especiais,TV-MA,,110,2015,,82,Show
32,3%,TV-MA,For mature audiences.  May not be suitable for children 17 and under.,110,2016,,82,Show
33,Trollhunters,TV-Y7-FV,Suitable for children ages 7 and older.  Content contains fantasy violence.,42,2016,83.0,80,Show
34,Fearless,TV-14,Parents strongly cautioned. May be unsuitable for children ages 14 and under.,90,2016,,82,Show
36,Santa Clarita Diet,TV-MA,For mature audiences.  May not be suitable for children 17 and under.,110,2017,82.0,80,Show
39,Girlboss,TV-MA,,110,2017,94.0,80,Show
40,City of God: 10 Years Later,TV-MA,For mature audiences.  May not be suitable for children 17 and under.,110,2013,,82,Show
41,13 Reasons Why,TV-MA,For mature audiences.  May not be suitable for children 17 and under.,110,2017,99.0,80,Show
42,Sand Castle,TV-MA,,110,2017,89.0,80,Show
43,Salvador Martinha - Tip of the Tongue,TV-MA,For mature audiences.  May not be suitable for children 17 and under.,110,2016,,82,Show
44,Sandy Wexler,TV-14,,90,2017,92.0,80,Show
45,O Amor no DivÃ£,TV-MA,,110,2016,,82,Show
48,Happily Married,TV-14,,90,2015,,82,Show
49,Pandora,TV-MA,,110,2016,,82,Show
51,The Office (U.S.),TV-14,Parents strongly cautioned. May be unsuitable for children ages 14 and under.,90,2012,97.0,80,Show
52,Grey's Anatomy,TV-14,Parents strongly cautioned. May be unsuitable for children ages 14 and under.,90,2016,98.0,80,Show
53,Prison Break,TV-14,Parents strongly cautioned. May be unsuitable for children ages 14 and under.,90,2008,98.0,80,Show
54,90210,TV-14,Parents strongly cautioned. May be unsuitable for children ages 14 and under.,90,2013,62.0,80,Show
55,Gossip Girl,TV-14,Parents strongly cautioned. May be unsuitable for children ages 14 and under.,90,2012,96.0,80,Show
56,How I Met Your Mother,TV-PG,Parental guidance suggested. May not be suitable for all children.,70,2014,94.0,80,Show
57,Supernatural,TV-14,Parents strongly cautioned. May be unsuitable for children ages 14 and under.,90,2016,95.0,80,Show
58,Breaking Bad,TV-MA,For mature audiences.  May not be suitable for children 17 and under.,110,2013,97.0,80,Show
59,Parks and Recreation,TV-14,Parents strongly cautioned. May be unsuitable for children ages 14 and under.,90,2015,94.0,80,Show
60,Glee,TV-PG,Parental guidance suggested. May not be suitable for all children.,70,2015,92.0,80,Show
61,The Vampire Diaries,TV-14,Parents strongly cautioned. May be unsuitable for children ages 14 and under.,90,2017,91.0,80,Show
62,Family Guy,TV-MA,For mature audiences.  May not be suitable for children 17 and under.,110,2015,98.0,80,Show
63,Criminal Minds,TV-14,Parents strongly cautioned. May be unsuitable for children ages 14 and under.,90,2016,98.0,80,Show
64,Friends,TV-14,Parents strongly cautioned. May be unsuitable for children ages 14 and under.,90,2003,98.0,80,Show
65,The Secret Life of the American Teenager,TV-14,Parents strongly cautioned. May be unsuitable for children ages 14 and under.,90,2013,81.0,80,Show
66,One Tree Hill,TV-14,Parents strongly cautioned. May be unsuitable for children ages 14 and under.,90,2011,90.0,80,Show
67,The Walking Dead,TV-MA,For mature audiences.  May not be suitable for children 17 and under.,110,2015,98.0,80,Show
68,Pretty Little Liars,TV-14,Parents strongly cautioned. May be unsuitable for children ages 14 and under.,90,2016,96.0,80,Show
69,Shameless (U.S.),TV-MA,For mature audiences.  May not be suitable for children 17 and under.,110,2016,97.0,80,Show
70,New Girl,TV-14,Parents strongly cautioned. May be unsuitable for children ages 14 and under.,90,2016,91.0,80,Show
71,American Horror Story,TV-MA,For mature audiences.  May not be suitable for children 17 and under.,110,2016,90.0,80,Show
72,Orange Is the New Black,TV-MA,For mature audiences.  May not be suitable for children 17 and under.,110,2016,98.0,80,Show
73,Inside Russia's Toughest Prison,TV-14,Parents strongly cautioned. May be unsuitable for children ages 14 and under.,90,2011,,82,Show
74,Black Mirror,TV-MA,For mature audiences.  May not be suitable for children 17 and under.,110,2016,80.0,80,Show
75,Bates Motel,TV-14,Parents strongly cautioned. May be unsuitable for children ages 14 and under.,90,2016,83.0,80,Show
77,Marvel's Iron Fist,TV-MA,,110,2017,98.0,80,Show
78,Grace and Frankie,TV-MA,For mature audiences.  May not be suitable for children 17 and under.,110,2017,90.0,80,Show
79,How to Get Away with Murder,TV-14,Parents strongly cautioned. May be unsuitable for children ages 14 and under.,90,2016,95.0,80,Show
80,The Get Down,TV-MA,For mature audiences.  May not be suitable for children 17 and under.,110,2017,80.0,80,Show
81,Love,TV-MA,For mature audiences.  May not be suitable for children 17 and under.,110,2017,,82,Show
82,The Flash,TV-PG,Parental guidance suggested. May not be suitable for all children.,70,2016,98.0,80,Show
83,The OA,TV-MA,For mature audiences.  May not be suitable for children 17 and under.,110,2016,,82,Show
84,Stranger Things,TV-14,Parents strongly cautioned. May be unsuitable for children ages 14 and under.,90,2016,90.0,80,Show
85,Ingobernable,TV-MA,,110,2017,96.0,80,Show
89,Santa Clarita Diet,TV-MA,For mature audiences.  May not be suitable for children 17 and under.,110,2017,82.0,80,Show
93,Girlboss,TV-MA,,110,2017,94.0,80,Show
94,The Discovery,TV-MA,,110,2017,,82,Show
95,Sand Castle,TV-MA,,110,2017,89.0,80,Show
96,Sandy Wexler,TV-14,,90,2017,92.0,80,Show
97,Chewing Gum,TV-MA,For mature audiences.  May not be suitable for children 17 and under.,110,2017,93.0,80,Show
98,Cheer Squad,TV-PG,,70,2016,61.0,80,Show
99,Only for One Night,TV-MA,,110,2016,78.0,80,Show
102,The L Word,TV-MA,For mature audiences.  May not be suitable for children 17 and under.,110,2009,,82,Show
103,The Office (U.S.),TV-14,Parents strongly cautioned. May be unsuitable for children ages 14 and under.,90,2012,97.0,80,Show
104,30 Rock,TV-14,Parents strongly cautioned. May be unsuitable for children ages 14 and under.,90,2012,66.0,80,Show
105,Mad Men,TV-14,Parents strongly cautioned. May be unsuitable for children ages 14 and under.,90,2014,75.0,80,Show
106,It's Always Sunny in Philadelphia,TV-MA,For mature audiences.  May not be suitable for children 17 and under.,110,2016,91.0,80,Show
107,Californication,TV-MA,For mature audiences.  May not be suitable for children 17 and under.,110,2014,63.0,80,Show
108,Parks and Recreation,TV-14,Parents strongly cautioned. May be unsuitable for children ages 14 and under.,90,2015,94.0,80,Show
109,Friends,TV-14,Parents strongly cautioned. May be unsuitable for children ages 14 and under.,90,2003,98.0,80,Show
110,Shameless (U.S.),TV-MA,For mature audiences.  May not be suitable for children 17 and under.,110,2016,97.0,80,Show
111,Portlandia,TV-14,Parents strongly cautioned. May be unsuitable for children ages 14 and under.,90,2016,62.0,80,Show
112,New Girl,TV-14,Parents strongly cautioned. May be unsuitable for children ages 14 and under.,90,2016,91.0,80,Show
113,Don't Trust the B---- in Apartment 23,TV-14,Parents strongly cautioned. May be unsuitable for children ages 14 and under.,90,2012,,82,Show
114,Friends with Benefits,TV-14,Parents strongly cautioned. May be unsuitable for children ages 14 and under.,90,2011,,82,Show
115,The Client List,TV-14,Parents strongly cautioned. May be unsuitable for children ages 14 and under.,90,2013,92.0,80,Show
116,Halt and Catch Fire,TV-14,Parents strongly cautioned. May be unsuitable for children ages 14 and under.,90,2016,,82,Show
118,Marvel's Iron Fist,TV-MA,,110,2017,98.0,80,Show
119,Chef's Table,TV-MA,For mature audiences.  May not be suitable for children 17 and under.,110,2017,,82,Show
120,Documentary Now!,TV-14,Parents strongly cautioned. May be unsuitable for children ages 14 and under.,90,2016,,82,Show
121,Grace and Frankie,TV-MA,For mature audiences.  May not be suitable for children 17 and under.,110,2017,90.0,80,Show
122,Better Call Saul,TV-MA,For mature audiences.  May not be suitable for children 17 and under.,110,2016,95.0,80,Show
123,The Get Down,TV-MA,For mature audiences.  May not be suitable for children 17 and under.,110,2017,80.0,80,Show
124,Schitt's Creek,TV-14,Parents strongly cautioned. May be unsuitable for children ages 14 and under.,90,2016,74.0,80,Show
125,Lovesick,TV-MA,For mature audiences.  May not be suitable for children 17 and under.,110,2016,,82,Show
126,Flaked,TV-MA,For mature audiences.  May not be suitable for children 17 and under.,110,2016,,82,Show
127,Master of None,TV-MA,For mature audiences.  May not be suitable for children 17 and under.,110,2015,,82,Show
128,Chelsea,TV-MA,For mature audiences.  May not be suitable for children 17 and under.,110,2017,,82,Show
129,Abstract: The Art of Design,TV-14,,90,2017,,82,Show
130,Cooper Barrett's Guide to Surviving Life,TV-14,Parents strongly cautioned. May be unsuitable for children ages 14 and under.,90,2016,,82,Show
131,The Great British Baking Show,TV-PG,Parental guidance suggested. May not be suitable for all children.,70,2016,94.0,80,Show
132,Life in Pieces,TV-14,Parents strongly cautioned. May be unsuitable for children ages 14 and under.,90,2015,68.0,80,Show
133,Crazy Ex-Girlfriend,TV-14,Parents strongly cautioned. May be unsuitable for children ages 14 and under.,90,2017,,82,Show
134,Easy,TV-MA,For mature audiences.  May not be suitable for children 17 and under.,110,2016,,82,Show
135,Santa Clarita Diet,TV-MA,For mature audiences.  May not be suitable for children 17 and under.,110,2017,82.0,80,Show
136,No Tomorrow,TV-14,Parents strongly cautioned. May be unsuitable for children ages 14 and under.,90,2016,,82,Show
137,Minimalism: A Documentary About the Important Things,TV-PG,,70,2016,,82,Show
138,Girlboss,TV-MA,,110,2017,94.0,80,Show
139,Hot Girls Wanted: Turned On,TV-MA,,110,2017,,82,Show
140,The Discovery,TV-MA,,110,2017,,82,Show
141,13 Reasons Why,TV-MA,For mature audiences.  May not be suitable for children 17 and under.,110,2017,99.0,80,Show
142,Sandy Wexler,TV-14,,90,2017,92.0,80,Show
143,Chewing Gum,TV-MA,For mature audiences.  May not be suitable for children 17 and under.,110,2017,93.0,80,Show
144,Win It All,TV-MA,,110,2017,,82,Show
145,MerlÃ­,TV-PG,Parental guidance suggested. May not be suitable for all children.,70,2015,,82,Show
146,Amy Schumer: The Leather Special,TV-MA,,110,2017,,82,Show
147,Louis C.K. 2017,TV-MA,,110,2017,71.0,80,Show
148,Dave Chappelle,TV-MA,For mature audiences.  May not be suitable for children 17 and under.,110,2017,94.0,80,Show
151,Skins,TV-MA,For mature audiences.  May not be suitable for children 17 and under.,110,2013,,82,Show
152,The Cleveland Show,TV-14,Parents strongly cautioned. May be unsuitable for children ages 14 and under.,90,2012,88.0,80,Show
153,Absolutely Fabulous,TV-14,Parents strongly cautioned. May be unsuitable for children ages 14 and under.,90,2012,59.0,80,Show
154,Don't Trust the B---- in Apartment 23,TV-14,Parents strongly cautioned. May be unsuitable for children ages 14 and under.,90,2012,,82,Show
155,Raising Hope,TV-14,Parents strongly cautioned. May be unsuitable for children ages 14 and under.,90,2013,73.0,80,Show
156,Come Fly With Me,TV-14,Parents strongly cautioned. May be unsuitable for children ages 14 and under.,90,2010,,82,Show
157,Orange Is the New Black,TV-MA,For mature audiences.  May not be suitable for children 17 and under.,110,2016,98.0,80,Show
158,Brickleberry,TV-MA,For mature audiences.  May not be suitable for children 17 and under.,110,2014,63.0,80,Show
159,Bates Motel,TV-14,Parents strongly cautioned. May be unsuitable for children ages 14 and under.,90,2016,83.0,80,Show
160,BoJack Horseman,TV-MA,For mature audiences.  May not be suitable for children 17 and under.,110,2016,,82,Show
161,Being Mary Jane: The Series,TV-14,Parents strongly cautioned. May be unsuitable for children ages 14 and under.,90,2016,,82,Show
162,Documentary Now!,TV-14,Parents strongly cautioned. May be unsuitable for children ages 14 and under.,90,2016,,82,Show
163,Grace and Frankie,TV-MA,For mature audiences.  May not be suitable for children 17 and under.,110,2017,90.0,80,Show
164,Unbreakable Kimmy Schmidt,TV-14,Parents strongly cautioned. May be unsuitable for children ages 14 and under.,90,2016,,82,Show
165,The Get Down,TV-MA,For mature audiences.  May not be suitable for children 17 and under.,110,2017,80.0,80,Show
166,Love,TV-MA,For mature audiences.  May not be suitable for children 17 and under.,110,2017,,82,Show
167,Bordertown,TV-14,Parents strongly cautioned. May be unsuitable for children ages 14 and under.,90,2016,86.0,80,Show
168,Jane The Virgin,TV-14,Parents strongly cautioned. May be unsuitable for children ages 14 and under.,90,2016,91.0,80,Show
169,Schitt's Creek,TV-14,Parents strongly cautioned. May be unsuitable for children ages 14 and under.,90,2016,74.0,80,Show
171,Lovesick,TV-MA,For mature audiences.  May not be suitable for children 17 and under.,110,2016,,82,Show
172,The Carmichael Show,TV-14,Parents strongly cautioned. May be unsuitable for children ages 14 and under.,90,2016,69.0,80,Show
173,Cooper Barrett's Guide to Surviving Life,TV-14,Parents strongly cautioned. May be unsuitable for children ages 14 and under.,90,2016,,82,Show
174,The Great British Baking Show,TV-PG,Parental guidance suggested. May not be suitable for all children.,70,2016,94.0,80,Show
175,November Rule,TV-14,Parents strongly cautioned. May be unsuitable for children ages 14 and under.,90,2015,,82,Show
176,Life in Pieces,TV-14,Parents strongly cautioned. May be unsuitable for children ages 14 and under.,90,2015,68.0,80,Show
177,Crazy Ex-Girlfriend,TV-14,Parents strongly cautioned. May be unsuitable for children ages 14 and under.,90,2017,,82,Show
178,Easy,TV-MA,For mature audiences.  May not be suitable for children 17 and under.,110,2016,,82,Show
179,Haters Back Off,TV-14,Parents strongly cautioned. May be unsuitable for children ages 14 and under.,90,2016,58.0,80,Show
181,Skins,TV-MA,,110,2017,,82,Show
182,A Weekend with the Family,TV-MA,For mature audiences.  May not be suitable for children 17 and under.,110,2016,,82,Show
183,Crazyhead,TV-MA,For mature audiences.  May not be suitable for children 17 and under.,110,2016,,82,Show
185,Little Boxes,TV-14,Parents strongly cautioned. May be unsuitable for children ages 14 and under.,90,2016,61.0,80,Show
186,Deidra & Laney Rob a Train,TV-14,,90,2017,,82,Show
187,Girlboss,TV-MA,,110,2017,94.0,80,Show
188,Hot Girls Wanted: Turned On,TV-MA,,110,2017,,82,Show
189,13 Reasons Why,TV-MA,For mature audiences.  May not be suitable for children 17 and under.,110,2017,99.0,80,Show
190,Hurricane Bianca,TV-MA,,110,2016,,82,Show
192,Greenleaf,TV-14,Parents strongly cautioned. May be unsuitable for children ages 14 and under.,90,2016,62.0,80,Show
193,Lazy Eye,TV-MA,,110,2016,,82,Show
195,The Wedding Party,TV-14,,90,2016,,82,Show
196,Dave Chappelle,TV-MA,For mature audiences.  May not be suitable for children 17 and under.,110,2017,94.0,80,Show
197,Only for One Night,TV-MA,,110,2016,78.0,80,Show
198,Boy Bye,TV-MA,,110,2016,,82,Show
201,30 Rock,TV-14,Parents strongly cautioned. May be unsuitable for children ages 14 and under.,90,2012,66.0,80,Show
202,Nurse Jackie,TV-MA,For mature audiences.  May not be suitable for children 17 and under.,110,2015,82.0,80,Show
203,Parks and Recreation,TV-14,Parents strongly cautioned. May be unsuitable for children ages 14 and under.,90,2015,94.0,80,Show
204,Drop Dead Diva,TV-PG,Parental guidance suggested. May not be suitable for all children.,70,2014,,82,Show
205,Gilmore Girls,TV-14,Parents strongly cautioned. May be unsuitable for children ages 14 and under.,90,2006,91.0,80,Show
206,Parenthood,TV-14,Parents strongly cautioned. May be unsuitable for children ages 14 and under.,90,2014,79.0,80,Show
207,Life Unexpected,TV-PG,Parental guidance suggested. May not be suitable for all children.,70,2010,55.0,80,Show
208,Portlandia,TV-14,Parents strongly cautioned. May be unsuitable for children ages 14 and under.,90,2016,62.0,80,Show
209,New Girl,TV-14,Parents strongly cautioned. May be unsuitable for children ages 14 and under.,90,2016,91.0,80,Show
210,Don't Trust the B---- in Apartment 23,TV-14,Parents strongly cautioned. May be unsuitable for children ages 14 and under.,90,2012,,82,Show
211,Raising Hope,TV-14,Parents strongly cautioned. May be unsuitable for children ages 14 and under.,90,2013,73.0,80,Show
212,Being Human (U.S.),TV-14,Parents strongly cautioned. May be unsuitable for children ages 14 and under.,90,2014,58.0,80,Show
213,Friends with Benefits,TV-14,Parents strongly cautioned. May be unsuitable for children ages 14 and under.,90,2011,,82,Show
214,The Carrie Diaries,TV-14,Parents strongly cautioned. May be unsuitable for children ages 14 and under.,90,2013,,82,Show
215,Baby Daddy,TV-14,Parents strongly cautioned. May be unsuitable for children ages 14 and under.,90,2016,80.0,80,Show
216,Halt and Catch Fire,TV-14,Parents strongly cautioned. May be unsuitable for children ages 14 and under.,90,2016,,82,Show
219,Chef's Table,TV-MA,For mature audiences.  May not be suitable for children 17 and under.,110,2017,,82,Show
220,Grace and Frankie,TV-MA,For mature audiences.  May not be suitable for children 17 and under.,110,2017,90.0,80,Show
221,Unbreakable Kimmy Schmidt,TV-14,Parents strongly cautioned. May be unsuitable for children ages 14 and under.,90,2016,,82,Show
222,The Get Down,TV-MA,For mature audiences.  May not be suitable for children 17 and under.,110,2017,80.0,80,Show
223,Sense8,TV-MA,For mature audiences.  May not be suitable for children 17 and under.,110,2017,81.0,80,Show
224,Love,TV-MA,For mature audiences.  May not be suitable for children 17 and under.,110,2017,,82,Show
225,Bordertown,TV-14,Parents strongly cautioned. May be unsuitable for children ages 14 and under.,90,2016,86.0,80,Show
226,Girlfriends' Guide to Divorce,TV-14,Parents strongly cautioned. May be unsuitable for children ages 14 and under.,90,2015,63.0,80,Show
227,Schitt's Creek,TV-14,Parents strongly cautioned. May be unsuitable for children ages 14 and under.,90,2016,74.0,80,Show
228,The Carmichael Show,TV-14,Parents strongly cautioned. May be unsuitable for children ages 14 and under.,90,2016,69.0,80,Show
229,Chelsea,TV-MA,For mature audiences.  May not be suitable for children 17 and under.,110,2017,,82,Show
230,Abstract: The Art of Design,TV-14,,90,2017,,82,Show
231,Cooper Barrett's Guide to Surviving Life,TV-14,Parents strongly cautioned. May be unsuitable for children ages 14 and under.,90,2016,,82,Show
232,The Great British Baking Show,TV-PG,Parental guidance suggested. May not be suitable for all children.,70,2016,94.0,80,Show
233,Life in Pieces,TV-14,Parents strongly cautioned. May be unsuitable for children ages 14 and under.,90,2015,68.0,80,Show
234,Crazy Ex-Girlfriend,TV-14,Parents strongly cautioned. May be unsuitable for children ages 14 and under.,90,2017,,82,Show
235,Fried,TV-MA,For mature audiences.  May not be suitable for children 17 and under.,110,2015,,82,Show
237,The Magicians,TV-MA,For mature audiences.  May not be suitable for children 17 and under.,110,2016,89.0,80,Show
238,One Day at a Time,TV-PG,Parental guidance suggested. May not be suitable for all children.,70,2017,,82,Show
239,No Tomorrow,TV-14,Parents strongly cautioned. May be unsuitable for children ages 14 and under.,90,2016,,82,Show
240,Hot Girls Wanted: Turned On,TV-MA,,110,2017,,82,Show
241,13 Reasons Why,TV-MA,For mature audiences.  May not be suitable for children 17 and under.,110,2017,99.0,80,Show
242,Better Off Single,TV-MA,,110,2016,,82,Show
243,Sandy Wexler,TV-14,,90,2017,92.0,80,Show
244,Chewing Gum,TV-MA,For mature audiences.  May not be suitable for children 17 and under.,110,2017,93.0,80,Show
246,Tramps,TV-MA,,110,2017,,82,Show
247,Slam,TV-MA,,110,2017,,82,Show
248,Cheer Squad,TV-PG,,70,2016,61.0,80,Show
256,High School Musical 2,TV-G,Suitable for all ages.,35,2007,58.0,80,Show
260,The Office (U.S.),TV-14,Parents strongly cautioned. May be unsuitable for children ages 14 and under.,90,2012,97.0,80,Show
261,Friday Night Lights,TV-PG,Parental guidance suggested. May not be suitable for all children.,70,2010,81.0,80,Show
262,StarStruck,TV-G,Suitable for all ages.,35,2010,,82,Show
263,Grey's Anatomy,TV-14,Parents strongly cautioned. May be unsuitable for children ages 14 and under.,90,2016,98.0,80,Show
264,Prison Break,TV-14,Parents strongly cautioned. May be unsuitable for children ages 14 and under.,90,2008,98.0,80,Show
265,90210,TV-14,Parents strongly cautioned. May be unsuitable for children ages 14 and under.,90,2013,62.0,80,Show
266,Gossip Girl,TV-14,Parents strongly cautioned. May be unsuitable for children ages 14 and under.,90,2012,96.0,80,Show
267,How I Met Your Mother,TV-PG,Parental guidance suggested. May not be suitable for all children.,70,2014,94.0,80,Show
268,Glee,TV-PG,Parental guidance suggested. May not be suitable for all children.,70,2015,92.0,80,Show
269,The Vampire Diaries,TV-14,Parents strongly cautioned. May be unsuitable for children ages 14 and under.,90,2017,91.0,80,Show
270,Family Guy,TV-MA,For mature audiences.  May not be suitable for children 17 and under.,110,2015,98.0,80,Show
271,Criminal Minds,TV-14,Parents strongly cautioned. May be unsuitable for children ages 14 and under.,90,2016,98.0,80,Show
272,Friends,TV-14,Parents strongly cautioned. May be unsuitable for children ages 14 and under.,90,2003,98.0,80,Show
274,The Secret Life of the American Teenager,TV-14,Parents strongly cautioned. May be unsuitable for children ages 14 and under.,90,2013,81.0,80,Show
275,That '70s Show,TV-14,Parents strongly cautioned. May be unsuitable for children ages 14 and under.,90,2005,89.0,80,Show
276,Gilmore Girls,TV-14,Parents strongly cautioned. May be unsuitable for children ages 14 and under.,90,2006,91.0,80,Show
277,Parenthood,TV-14,Parents strongly cautioned. May be unsuitable for children ages 14 and under.,90,2014,79.0,80,Show
278,Heartland,TV-PG,Parental guidance suggested. May not be suitable for all children.,70,2015,85.0,80,Show
279,Pretty Little Liars,TV-14,Parents strongly cautioned. May be unsuitable for children ages 14 and under.,90,2016,96.0,80,Show
280,Shameless (U.S.),TV-MA,For mature audiences.  May not be suitable for children 17 and under.,110,2016,97.0,80,Show
281,Switched at Birth,TV-14,Parents strongly cautioned. May be unsuitable for children ages 14 and under.,90,2015,83.0,80,Show
282,New Girl,TV-14,Parents strongly cautioned. May be unsuitable for children ages 14 and under.,90,2016,91.0,80,Show
283,Hart of Dixie,TV-PG,Parental guidance suggested. May not be suitable for all children.,70,2014,81.0,80,Show
284,The Client List,TV-14,Parents strongly cautioned. May be unsuitable for children ages 14 and under.,90,2013,92.0,80,Show
285,The Carrie Diaries,TV-14,Parents strongly cautioned. May be unsuitable for children ages 14 and under.,90,2013,,82,Show
287,Baby Daddy,TV-14,Parents strongly cautioned. May be unsuitable for children ages 14 and under.,90,2016,80.0,80,Show
288,The Night Shift,TV-14,Parents strongly cautioned. May be unsuitable for children ages 14 and under.,90,2015,93.0,80,Show
289,Reign,TV-14,Parents strongly cautioned. May be unsuitable for children ages 14 and under.,90,2015,79.0,80,Show
290,Grace and Frankie,TV-MA,For mature audiences.  May not be suitable for children 17 and under.,110,2017,90.0,80,Show
291,How to Get Away with Murder,TV-14,Parents strongly cautioned. May be unsuitable for children ages 14 and under.,90,2016,95.0,80,Show
292,Fuller House,TV-G,Suitable for all ages.,35,2016,90.0,80,Show
294,Gilmore Girls: A Year in the Life,TV-14,Parents strongly cautioned. May be unsuitable for children ages 14 and under.,90,2016,77.0,80,Show
295,13 Reasons Why,TV-MA,For mature audiences.  May not be suitable for children 17 and under.,110,2017,99.0,80,Show
296,Gabriel lglesias: Iâ€™m Sorry For What I Said When I Was Hungry,TV-14,Parents strongly cautioned. May be unsuitable for children ages 14 and under.,90,2016,84.0,80,Show
297,Amy Schumer: The Leather Special,TV-MA,,110,2017,,82,Show
298,Cheer Squad,TV-PG,,70,2016,61.0,80,Show
299,Dave Chappelle,TV-MA,For mature audiences.  May not be suitable for children 17 and under.,110,2017,94.0,80,Show
304,High School Musical,TV-G,Suitable for all ages.,35,2006,64.0,80,Show
305,High School Musical 2,TV-G,Suitable for all ages.,35,2007,58.0,80,Show
308,The Office (U.S.),TV-14,Parents strongly cautioned. May be unsuitable for children ages 14 and under.,90,2012,97.0,80,Show
309,Bones,TV-14,Parents strongly cautioned. May be unsuitable for children ages 14 and under.,90,2016,97.0,80,Show
310,Law & Order: Special Victims Unit,TV-14,Parents strongly cautioned. May be unsuitable for children ages 14 and under.,90,2015,97.0,80,Show
311,Prison Break,TV-14,Parents strongly cautioned. May be unsuitable for children ages 14 and under.,90,2008,98.0,80,Show
312,Nurse Jackie,TV-MA,For mature audiences.  May not be suitable for children 17 and under.,110,2015,82.0,80,Show
313,NCIS,TV-14,Parents strongly cautioned. May be unsuitable for children ages 14 and under.,90,2016,97.0,80,Show
314,Gossip Girl,TV-14,Parents strongly cautioned. May be unsuitable for children ages 14 and under.,90,2012,96.0,80,Show
315,How I Met Your Mother,TV-PG,Parental guidance suggested. May not be suitable for all children.,70,2014,94.0,80,Show
316,Supernatural,TV-14,Parents strongly cautioned. May be unsuitable for children ages 14 and under.,90,2016,95.0,80,Show
317,Parks and Recreation,TV-14,Parents strongly cautioned. May be unsuitable for children ages 14 and under.,90,2015,94.0,80,Show
318,Glee,TV-PG,Parental guidance suggested. May not be suitable for all children.,70,2015,92.0,80,Show
319,The Vampire Diaries,TV-14,Parents strongly cautioned. May be unsuitable for children ages 14 and under.,90,2017,91.0,80,Show
320,Criminal Minds,TV-14,Parents strongly cautioned. May be unsuitable for children ages 14 and under.,90,2016,98.0,80,Show
321,Friends,TV-14,Parents strongly cautioned. May be unsuitable for children ages 14 and under.,90,2003,98.0,80,Show
323,The Secret Life of the American Teenager,TV-14,Parents strongly cautioned. May be unsuitable for children ages 14 and under.,90,2013,81.0,80,Show
324,One Tree Hill,TV-14,Parents strongly cautioned. May be unsuitable for children ages 14 and under.,90,2011,90.0,80,Show
325,Army Wives,TV-14,Parents strongly cautioned. May be unsuitable for children ages 14 and under.,90,2013,61.0,80,Show
326,Gilmore Girls,TV-14,Parents strongly cautioned. May be unsuitable for children ages 14 and under.,90,2006,91.0,80,Show
327,Private Practice,TV-14,Parents strongly cautioned. May be unsuitable for children ages 14 and under.,90,2012,88.0,80,Show
328,Parenthood,TV-14,Parents strongly cautioned. May be unsuitable for children ages 14 and under.,90,2014,79.0,80,Show
329,Pretty Little Liars,TV-14,Parents strongly cautioned. May be unsuitable for children ages 14 and under.,90,2016,96.0,80,Show
330,Shameless (U.S.),TV-MA,For mature audiences.  May not be suitable for children 17 and under.,110,2016,97.0,80,Show
331,New Girl,TV-14,Parents strongly cautioned. May be unsuitable for children ages 14 and under.,90,2016,91.0,80,Show
332,Revenge,TV-PG,Parental guidance suggested. May not be suitable for all children.,70,2015,84.0,80,Show
333,Scandal,TV-14,Parents strongly cautioned. May be unsuitable for children ages 14 and under.,90,2016,92.0,80,Show
336,Orange Is the New Black,TV-MA,For mature audiences.  May not be suitable for children 17 and under.,110,2016,98.0,80,Show
337,Baby Daddy,TV-14,Parents strongly cautioned. May be unsuitable for children ages 14 and under.,90,2016,80.0,80,Show
338,The Night Shift,TV-14,Parents strongly cautioned. May be unsuitable for children ages 14 and under.,90,2015,93.0,80,Show
339,The Originals,TV-14,Parents strongly cautioned. May be unsuitable for children ages 14 and under.,90,2016,74.0,80,Show
341,How to Get Away with Murder,TV-14,Parents strongly cautioned. May be unsuitable for children ages 14 and under.,90,2016,95.0,80,Show
345,Skin Wars,TV-14,Parents strongly cautioned. May be unsuitable for children ages 14 and under.,90,2016,69.0,80,Show
346,Girlboss,TV-MA,,110,2017,94.0,80,Show
347,13 Reasons Why,TV-MA,For mature audiences.  May not be suitable for children 17 and under.,110,2017,99.0,80,Show
348,Felipe Neto: My Life Makes No Sense,TV-MA,,110,2017,,82,Show
349,Cheer Squad,TV-PG,,70,2016,61.0,80,Show
350,Lost,TV-14,Parents strongly cautioned. May be unsuitable for children ages 14 and under.,90,2010,98.0,80,Show
351,Weeds,TV-MA,For mature audiences.  May not be suitable for children 17 and under.,110,2012,85.0,80,Show
352,The Tudors,TV-MA,For mature audiences.  May not be suitable for children 17 and under.,110,2010,,82,Show
353,Grey's Anatomy,TV-14,Parents strongly cautioned. May be unsuitable for children ages 14 and under.,90,2016,98.0,80,Show
354,Lie to Me,TV-14,Parents strongly cautioned. May be unsuitable for children ages 14 and under.,90,2010,89.0,80,Show
355,Prison Break,TV-14,Parents strongly cautioned. May be unsuitable for children ages 14 and under.,90,2008,98.0,80,Show
356,Gossip Girl,TV-14,Parents strongly cautioned. May be unsuitable for children ages 14 and under.,90,2012,96.0,80,Show
357,Glee,TV-PG,Parental guidance suggested. May not be suitable for all children.,70,2015,92.0,80,Show
358,The Vampire Diaries,TV-14,Parents strongly cautioned. May be unsuitable for children ages 14 and under.,90,2017,91.0,80,Show
359,The Secret Life of the American Teenager,TV-14,Parents strongly cautioned. May be unsuitable for children ages 14 and under.,90,2013,81.0,80,Show
360,Drop Dead Diva,TV-PG,Parental guidance suggested. May not be suitable for all children.,70,2014,,82,Show
361,Gilmore Girls,TV-14,Parents strongly cautioned. May be unsuitable for children ages 14 and under.,90,2006,91.0,80,Show
362,Charmed,TV-PG,Parental guidance suggested. May not be suitable for all children.,70,2005,90.0,80,Show
363,White Collar,TV-PG,Parental guidance suggested. May not be suitable for all children.,70,2014,93.0,80,Show
364,House of Cards,TV-MA,For mature audiences.  May not be suitable for children 17 and under.,110,2016,91.0,80,Show
365,Pretty Little Liars,TV-14,Parents strongly cautioned. May be unsuitable for children ages 14 and under.,90,2016,96.0,80,Show
366,The Killing,TV-14,Parents strongly cautioned. May be unsuitable for children ages 14 and under.,90,2014,73.0,80,Show
367,Shameless (U.S.),TV-MA,For mature audiences.  May not be suitable for children 17 and under.,110,2016,97.0,80,Show
368,Hart of Dixie,TV-PG,Parental guidance suggested. May not be suitable for all children.,70,2014,81.0,80,Show
369,Once Upon a Time,TV-PG,Parental guidance suggested. May not be suitable for all children.,70,2016,98.0,80,Show
370,Scandal,TV-14,Parents strongly cautioned. May be unsuitable for children ages 14 and under.,90,2016,92.0,80,Show
371,The Client List,TV-14,Parents strongly cautioned. May be unsuitable for children ages 14 and under.,90,2013,92.0,80,Show
373,Bates Motel,TV-14,Parents strongly cautioned. May be unsuitable for children ages 14 and under.,90,2016,83.0,80,Show
374,The Blacklist,TV-14,Parents strongly cautioned. May be unsuitable for children ages 14 and under.,90,2016,96.0,80,Show
375,The Fosters,TV-14,Parents strongly cautioned. May be unsuitable for children ages 14 and under.,90,2016,73.0,80,Show
376,Reign,TV-14,Parents strongly cautioned. May be unsuitable for children ages 14 and under.,90,2015,79.0,80,Show
377,The Originals,TV-14,Parents strongly cautioned. May be unsuitable for children ages 14 and under.,90,2016,74.0,80,Show
379,Witches of East End,TV-14,Parents strongly cautioned. May be unsuitable for children ages 14 and under.,90,2014,,82,Show
380,Bitten,TV-MA,For mature audiences.  May not be suitable for children 17 and under.,110,2016,56.0,80,Show
382,Marvel's Jessica Jones,TV-MA,For mature audiences.  May not be suitable for children 17 and under.,110,2015,83.0,80,Show
383,Bloodline,TV-MA,For mature audiences.  May not be suitable for children 17 and under.,110,2016,,82,Show
384,Grace and Frankie,TV-MA,For mature audiences.  May not be suitable for children 17 and under.,110,2017,90.0,80,Show
385,Velvet,TV-14,Parents strongly cautioned. May be unsuitable for children ages 14 and under.,90,2016,,82,Show
386,How to Get Away with Murder,TV-14,Parents strongly cautioned. May be unsuitable for children ages 14 and under.,90,2016,95.0,80,Show
387,The Crown,TV-MA,For mature audiences.  May not be suitable for children 17 and under.,110,2016,84.0,80,Show
388,Jane The Virgin,TV-14,Parents strongly cautioned. May be unsuitable for children ages 14 and under.,90,2016,91.0,80,Show
389,Kurt Seyit & Sura,TV-14,Parents strongly cautioned. May be unsuitable for children ages 14 and under.,90,2014,,82,Show
390,The Returned,TV-14,Parents strongly cautioned. May be unsuitable for children ages 14 and under.,90,2015,,82,Show
391,The Girl in the Book,TV-MA,For mature audiences.  May not be suitable for children 17 and under.,110,2015,,82,Show
392,Quantico,TV-14,Parents strongly cautioned. May be unsuitable for children ages 14 and under.,90,2016,88.0,80,Show
393,Life in Pieces,TV-14,Parents strongly cautioned. May be unsuitable for children ages 14 and under.,90,2015,68.0,80,Show
394,Ingobernable,TV-MA,,110,2017,96.0,80,Show
395,Girlboss,TV-MA,,110,2017,94.0,80,Show
396,13 Reasons Why,TV-MA,For mature audiences.  May not be suitable for children 17 and under.,110,2017,99.0,80,Show
397,MerlÃ­,TV-PG,Parental guidance suggested. May not be suitable for all children.,70,2015,,82,Show
398,Greenleaf,TV-14,Parents strongly cautioned. May be unsuitable for children ages 14 and under.,90,2016,62.0,80,Show
399,100 Metros,TV-MA,For mature audiences.  May not be suitable for children 17 and under.,110,2016,,82,Show
400,Bones,TV-14,Parents strongly cautioned. May be unsuitable for children ages 14 and under.,90,2016,97.0,80,Show
401,Dexter,TV-MA,For mature audiences.  May not be suitable for children 17 and under.,110,2013,95.0,80,Show
402,Leverage,TV-PG,Parental guidance suggested. May not be suitable for all children.,70,2012,86.0,80,Show
403,Grey's Anatomy,TV-14,Parents strongly cautioned. May be unsuitable for children ages 14 and under.,90,2016,98.0,80,Show
404,Lie to Me,TV-14,Parents strongly cautioned. May be unsuitable for children ages 14 and under.,90,2010,89.0,80,Show
405,Prison Break,TV-14,Parents strongly cautioned. May be unsuitable for children ages 14 and under.,90,2008,98.0,80,Show
406,NCIS,TV-14,Parents strongly cautioned. May be unsuitable for children ages 14 and under.,90,2016,97.0,80,Show
407,Burn Notice,TV-14,Parents strongly cautioned. May be unsuitable for children ages 14 and under.,90,2013,85.0,80,Show
408,Breaking Bad,TV-MA,For mature audiences.  May not be suitable for children 17 and under.,110,2013,97.0,80,Show
409,Criminal Minds,TV-14,Parents strongly cautioned. May be unsuitable for children ages 14 and under.,90,2016,98.0,80,Show
410,White Collar,TV-PG,Parental guidance suggested. May not be suitable for all children.,70,2014,93.0,80,Show
411,Luther,TV-14,Parents strongly cautioned. May be unsuitable for children ages 14 and under.,90,2015,69.0,80,Show
412,Hawaii Five-0,TV-14,"dialogue, language, sexual situations and violence",90,2016,96.0,80,Show
413,House of Cards,TV-MA,For mature audiences.  May not be suitable for children 17 and under.,110,2016,91.0,80,Show
414,Last Man Standing,TV-PG,Parental guidance suggested. May not be suitable for all children.,70,2015,97.0,80,Show
415,Revenge,TV-PG,Parental guidance suggested. May not be suitable for all children.,70,2015,84.0,80,Show
416,Person of Interest,TV-14,Parents strongly cautioned. May be unsuitable for children ages 14 and under.,90,2016,93.0,80,Show
417,Scandal,TV-14,Parents strongly cautioned. May be unsuitable for children ages 14 and under.,90,2016,92.0,80,Show
418,Touch,TV-14,Parents strongly cautioned. May be unsuitable for children ages 14 and under.,90,2012,68.0,80,Show
419,Sherlock,TV-14,Parents strongly cautioned. May be unsuitable for children ages 14 and under.,90,2016,95.0,80,Show
420,Breakout Kings,TV-14,Parents strongly cautioned. May be unsuitable for children ages 14 and under.,90,2012,88.0,80,Show
421,The Client List,TV-14,Parents strongly cautioned. May be unsuitable for children ages 14 and under.,90,2013,92.0,80,Show
422,Arrow,TV-14,Parents strongly cautioned. May be unsuitable for children ages 14 and under.,90,2015,96.0,80,Show
423,The Following,TV-14,Parents strongly cautioned. May be unsuitable for children ages 14 and under.,90,2015,,82,Show
424,"Drugs, Inc.",TV-14,Parents strongly cautioned. May be unsuitable for children ages 14 and under.,90,2015,,82,Show
425,Longmire,TV-14,Parents strongly cautioned. May be unsuitable for children ages 14 and under.,90,2016,92.0,80,Show
426,Ripper Street,TV-MA,For mature audiences.  May not be suitable for children 17 and under.,110,2016,,82,Show
427,The Fall,TV-MA,For mature audiences.  May not be suitable for children 17 and under.,110,2016,61.0,80,Show
428,Death in Paradise,TV-14,Parents strongly cautioned. May be unsuitable for children ages 14 and under.,90,2016,77.0,80,Show
429,Marvel's Agents of S.H.I.E.L.D.,TV-PG,Parental guidance suggested. May not be suitable for all children.,70,2016,89.0,80,Show
430,Crossing Lines,TV-14,Parents strongly cautioned. May be unsuitable for children ages 14 and under.,90,2015,66.0,80,Show
432,Halt and Catch Fire,TV-14,Parents strongly cautioned. May be unsuitable for children ages 14 and under.,90,2016,,82,Show
433,Marvel's Iron Fist,TV-MA,,110,2017,98.0,80,Show
434,The Honorable Woman,TV-MA,For mature audiences.  May not be suitable for children 17 and under.,110,2014,,82,Show
435,Transporter: The Series,TV-MA,For mature audiences.  May not be suitable for children 17 and under.,110,2014,,82,Show
436,Gotham,TV-14,Parents strongly cautioned. May be unsuitable for children ages 14 and under.,90,2016,85.0,80,Show
437,Better Call Saul,TV-MA,For mature audiences.  May not be suitable for children 17 and under.,110,2016,95.0,80,Show
438,How to Get Away with Murder,TV-14,Parents strongly cautioned. May be unsuitable for children ages 14 and under.,90,2016,95.0,80,Show
439,Narcos,TV-MA,For mature audiences.  May not be suitable for children 17 and under.,110,2016,94.0,80,Show
440,American Odyssey,TV-14,Parents strongly cautioned. May be unsuitable for children ages 14 and under.,90,2015,,82,Show
441,Aquarius,TV-MA,For mature audiences.  May not be suitable for children 17 and under.,110,2015,,82,Show
442,Hap and Leonard,TV-MA,,110,2016,57.0,80,Show
443,Rosewood,TV-14,Parents strongly cautioned. May be unsuitable for children ages 14 and under.,90,2015,81.0,80,Show
444,Quantico,TV-14,Parents strongly cautioned. May be unsuitable for children ages 14 and under.,90,2016,88.0,80,Show
445,Limitless,TV-14,Parents strongly cautioned. May be unsuitable for children ages 14 and under.,90,2016,84.0,80,Show
446,Travelers,TV-MA,For mature audiences.  May not be suitable for children 17 and under.,110,2016,86.0,80,Show
447,The Doctor Blake Mysteries,TV-MA,For mature audiences.  May not be suitable for children 17 and under.,110,2016,57.0,80,Show
449,Bordertown,TV-MA,For mature audiences.  May not be suitable for children 17 and under.,110,2016,,82,Show
450,The Office (U.S.),TV-14,Parents strongly cautioned. May be unsuitable for children ages 14 and under.,90,2012,97.0,80,Show
451,Grey's Anatomy,TV-14,Parents strongly cautioned. May be unsuitable for children ages 14 and under.,90,2016,98.0,80,Show
452,Law & Order: Special Victims Unit,TV-14,Parents strongly cautioned. May be unsuitable for children ages 14 and under.,90,2015,97.0,80,Show
453,Lie to Me,TV-14,Parents strongly cautioned. May be unsuitable for children ages 14 and under.,90,2010,89.0,80,Show
454,Prison Break,TV-14,Parents strongly cautioned. May be unsuitable for children ages 14 and under.,90,2008,98.0,80,Show
455,90210,TV-14,Parents strongly cautioned. May be unsuitable for children ages 14 and under.,90,2013,62.0,80,Show
456,Gossip Girl,TV-14,Parents strongly cautioned. May be unsuitable for children ages 14 and under.,90,2012,96.0,80,Show
457,How I Met Your Mother,TV-PG,Parental guidance suggested. May not be suitable for all children.,70,2014,94.0,80,Show
458,Parks and Recreation,TV-14,Parents strongly cautioned. May be unsuitable for children ages 14 and under.,90,2015,94.0,80,Show
459,The Vampire Diaries,TV-14,Parents strongly cautioned. May be unsuitable for children ages 14 and under.,90,2017,91.0,80,Show
460,Criminal Minds,TV-14,Parents strongly cautioned. May be unsuitable for children ages 14 and under.,90,2016,98.0,80,Show
461,Friends,TV-14,Parents strongly cautioned. May be unsuitable for children ages 14 and under.,90,2003,98.0,80,Show
462,The West Wing,TV-14,Parents strongly cautioned. May be unsuitable for children ages 14 and under.,90,2005,79.0,80,Show
463,Parenthood,TV-14,Parents strongly cautioned. May be unsuitable for children ages 14 and under.,90,2014,79.0,80,Show
464,White Collar,TV-PG,Parental guidance suggested. May not be suitable for all children.,70,2014,93.0,80,Show
465,Blue Bloods,TV-14,Parents strongly cautioned. May be unsuitable for children ages 14 and under.,90,2016,95.0,80,Show
466,House of Cards,TV-MA,For mature audiences.  May not be suitable for children 17 and under.,110,2016,91.0,80,Show
467,Pretty Little Liars,TV-14,Parents strongly cautioned. May be unsuitable for children ages 14 and under.,90,2016,96.0,80,Show
468,The Killing,TV-14,Parents strongly cautioned. May be unsuitable for children ages 14 and under.,90,2014,73.0,80,Show
469,Shameless (U.S.),TV-MA,For mature audiences.  May not be suitable for children 17 and under.,110,2016,97.0,80,Show
470,New Girl,TV-14,Parents strongly cautioned. May be unsuitable for children ages 14 and under.,90,2016,91.0,80,Show
471,Revenge,TV-PG,Parental guidance suggested. May not be suitable for all children.,70,2015,84.0,80,Show
472,Person of Interest,TV-14,Parents strongly cautioned. May be unsuitable for children ages 14 and under.,90,2016,93.0,80,Show
473,Once Upon a Time,TV-PG,Parental guidance suggested. May not be suitable for all children.,70,2016,98.0,80,Show
474,Scandal,TV-14,Parents strongly cautioned. May be unsuitable for children ages 14 and under.,90,2016,92.0,80,Show
475,Forensic Files,TV-14,Parents strongly cautioned. May be unsuitable for children ages 14 and under.,90,2011,88.0,80,Show
476,Sherlock,TV-14,Parents strongly cautioned. May be unsuitable for children ages 14 and under.,90,2016,95.0,80,Show
477,The Client List,TV-14,Parents strongly cautioned. May be unsuitable for children ages 14 and under.,90,2013,92.0,80,Show
478,Orange Is the New Black,TV-MA,For mature audiences.  May not be suitable for children 17 and under.,110,2016,98.0,80,Show
479,Rectify,TV-14,Parents strongly cautioned. May be unsuitable for children ages 14 and under.,90,2016,,82,Show
480,Black Mirror,TV-MA,For mature audiences.  May not be suitable for children 17 and under.,110,2016,80.0,80,Show
481,Bates Motel,TV-14,Parents strongly cautioned. May be unsuitable for children ages 14 and under.,90,2016,83.0,80,Show
482,The Fall,TV-MA,For mature audiences.  May not be suitable for children 17 and under.,110,2016,61.0,80,Show
483,The Blacklist,TV-14,Parents strongly cautioned. May be unsuitable for children ages 14 and under.,90,2016,96.0,80,Show
484,Being Mary Jane: The Series,TV-14,Parents strongly cautioned. May be unsuitable for children ages 14 and under.,90,2016,,82,Show
485,American Crime,TV-14,Parents strongly cautioned. May be unsuitable for children ages 14 and under.,90,2016,,82,Show
486,Madam Secretary,TV-14,Parents strongly cautioned. May be unsuitable for children ages 14 and under.,90,2016,70.0,80,Show
487,Sense8,TV-MA,For mature audiences.  May not be suitable for children 17 and under.,110,2017,81.0,80,Show
488,Scream,TV-14,Parents strongly cautioned. May be unsuitable for children ages 14 and under.,90,2016,,82,Show
489,Rosewood,TV-14,Parents strongly cautioned. May be unsuitable for children ages 14 and under.,90,2015,81.0,80,Show
490,The Great British Baking Show,TV-PG,Parental guidance suggested. May not be suitable for all children.,70,2016,94.0,80,Show
491,Quantico,TV-14,Parents strongly cautioned. May be unsuitable for children ages 14 and under.,90,2016,88.0,80,Show
492,Limitless,TV-14,Parents strongly cautioned. May be unsuitable for children ages 14 and under.,90,2016,84.0,80,Show
493,American Crime Story: The People v. O.J. Simpson,TV-MA,For mature audiences.  May not be suitable for children 17 and under.,110,2016,79.0,80,Show
494,Santa Clarita Diet,TV-MA,For mature audiences.  May not be suitable for children 17 and under.,110,2017,82.0,80,Show
495,No Tomorrow,TV-14,Parents strongly cautioned. May be unsuitable for children ages 14 and under.,90,2016,,82,Show
496,Girlboss,TV-MA,,110,2017,94.0,80,Show
497,13 Reasons Why,TV-MA,For mature audiences.  May not be suitable for children 17 and under.,110,2017,99.0,80,Show
498,The Doctor Blake Mysteries,TV-MA,For mature audiences.  May not be suitable for children 17 and under.,110,2016,57.0,80,Show
499,Greenleaf,TV-14,Parents strongly cautioned. May be unsuitable for children ages 14 and under.,90,2016,62.0,80,Show
508,Thomas & Friends: Thomas & the Runaway Kite,TV-Y,Suitable for all ages.,10,2010,,82,Show
509,Dino Squad,TV-Y7,Suitable for children ages 7 and older,41,2008,,82,Show
510,Cars Toons: Mater's Tall Tales,TV-G,Suitable for all ages.,35,2010,74.0,80,Show
511,LeapFrog: The Amazing Alphabet Amusement Park,TV-Y,Suitable for all ages.,10,2010,,82,Show
512,Star Wars: The Clone Wars,TV-PG,Parental guidance suggested. May not be suitable for all children.,70,2014,93.0,80,Show
513,Phineas and Ferb,TV-G,Suitable for all ages.,35,2012,89.0,80,Show
514,The Batman,TV-Y7,Suitable for children ages 7 and older,41,2007,77.0,80,Show
515,Justice League,TV-Y7-FV,Suitable for children ages 7 and older.  Content contains fantasy violence.,42,2003,66.0,80,Show
516,Justice League Unlimited,TV-Y7-FV,Suitable for children ages 7 and older.  Content contains fantasy violence.,42,2005,,82,Show
517,Mighty Morphin Power Rangers,TV-Y7-FV,Suitable for children ages 7 and older.  Content contains fantasy violence.,42,2010,73.0,80,Show
518,Young Justice,TV-PG,Parental guidance suggested. May not be suitable for all children.,70,2012,71.0,80,Show
519,The Super Mario Bros. Super Show!,TV-Y7,Suitable for children ages 7 and older,41,1989,,82,Show
520,Power Rangers Zeo,TV-Y7-FV,Suitable for children ages 7 and older.  Content contains fantasy violence.,42,1996,,82,Show
521,Oscar's Oasis,TV-G,Suitable for all ages.,35,2011,,82,Show
522,Transformers Prime,TV-Y7-FV,Suitable for children ages 7 and older.  Content contains fantasy violence.,42,2013,,82,Show
523,The Adventures of Chuck & Friends,TV-Y,Suitable for all ages.,10,2011,,82,Show
524,Transformers: Rescue Bots,TV-Y7,Suitable for children ages 7 and older,41,2016,,82,Show
525,Thomas & Friends: King of the Railway,TV-G,Suitable for all ages.,35,2013,,82,Show
526,LEGO: Marvel Super Heroes: Maximum Overload,TV-Y7-FV,Suitable for children ages 7 and older.  Content contains fantasy violence.,42,2013,,82,Show
527,Max Steel,TV-Y7-FV,Suitable for children ages 7 and older.  Content contains fantasy violence.,42,2014,,82,Show
528,Transformers Prime Beast Hunters: Predacons Rising,TV-Y7-FV,Suitable for children ages 7 and older.  Content contains fantasy violence.,42,2013,,82,Show
530,VeggieTales in the House,TV-Y,Suitable for all ages.,10,2016,,82,Show
531,Thunder and the House Of Magic,TV-G,Suitable for all ages.,35,2013,,82,Show
532,All Hail King Julien,TV-Y7-FV,Suitable for children ages 7 and older.  Content contains fantasy violence.,42,2016,71.0,80,Show
533,Kong: King of the Apes,TV-Y7-FV,Suitable for children ages 7 and older.  Content contains fantasy violence.,42,2016,,82,Show
535,Slugterra: Slug Fu Showdown,TV-Y7-FV,Suitable for children ages 7 and older.  Content contains fantasy violence.,42,2015,,82,Show
536,Dinotrux,TV-Y7-FV,Suitable for children ages 7 and older.  Content contains fantasy violence.,42,2017,,82,Show
537,Edgar Rice Burroughs' Tarzan and Jane,TV-Y7-FV,Suitable for children ages 7 and older.  Content contains fantasy violence.,42,2017,,82,Show
538,Lego DC Comics: Batman Be-Leaguered,TV-Y7,Suitable for children ages 7 and older,41,2014,,82,Show
539,Trollhunters,TV-Y7-FV,Suitable for children ages 7 and older.  Content contains fantasy violence.,42,2016,83.0,80,Show
540,Power Rangers Dino Charge,TV-Y7,Suitable for children ages 7 and older,41,2015,,82,Show
541,Bunks,TV-PG,Parental guidance suggested. May not be suitable for all children.,70,2013,,82,Show
545,The Furchester Hotel,TV-Y,Suitable for all ages.,10,2015,,82,Show
547,Angry Birds,TV-G,Suitable for all ages.,35,2013,,82,Show
548,Talking Tom and Friends,TV-G,Suitable for all ages.,35,2016,61.0,80,Show
549,Nexo Knights,TV-Y7-FV,Suitable for children ages 7 and older.  Content contains fantasy violence.,42,2015,,82,Show
555,Cars Toons: Mater's Tall Tales,TV-G,Suitable for all ages.,35,2010,74.0,80,Show
556,The Batman,TV-Y7,Suitable for children ages 7 and older,41,2007,77.0,80,Show
557,Justice League,TV-Y7-FV,Suitable for children ages 7 and older.  Content contains fantasy violence.,42,2003,66.0,80,Show
558,Justice League Unlimited,TV-Y7-FV,Suitable for children ages 7 and older.  Content contains fantasy violence.,42,2005,,82,Show
559,The Cat in the Hat Knows a Lot About That!,TV-Y,Suitable for all ages.,10,2014,,82,Show
560,Mighty Morphin Power Rangers,TV-Y7-FV,Suitable for children ages 7 and older.  Content contains fantasy violence.,42,2010,73.0,80,Show
561,Bob the Builder,TV-Y,Suitable for all ages.,10,2015,,82,Show
562,Beyblade: Metal Fusion,TV-Y7,Suitable for children ages 7 and older,41,2009,,82,Show
563,Ninja Turtles: The Next Mutation,TV-Y7-FV,Suitable for children ages 7 and older.  Content contains fantasy violence.,42,1997,,82,Show
564,Transformers Prime,TV-Y7-FV,Suitable for children ages 7 and older.  Content contains fantasy violence.,42,2013,,82,Show
565,DreamWorks Kung Fu Panda Awesome Secrets,TV-PG,Parental guidance suggested. May not be suitable for all children.,70,2008,,82,Show
566,LEGO Ninjago: Masters of Spinjitzu,TV-Y7-FV,Suitable for children ages 7 and older.  Content contains fantasy violence.,42,2015,67.0,80,Show
567,Transformers: Rescue Bots,TV-Y7,Suitable for children ages 7 and older,41,2016,,82,Show
568,Goosebumps,TV-Y7,Suitable for children ages 7 and older,41,1998,88.0,80,Show
569,LEGO Ninjago: Masters of Spinjitzu: Way of the Ninja,TV-Y7-FV,Suitable for children ages 7 and older.  Content contains fantasy violence.,42,2011,,82,Show
571,Tad: The Lost Explorer,TV-PG,Parental guidance suggested. May not be suitable for all children.,70,2012,,82,Show
572,PokÃ©mon: Indigo League,TV-Y,Suitable for all ages.,10,2000,74.0,80,Show
574,Pac-Man and the Ghostly Adventures,TV-Y7,Suitable for children ages 7 and older,41,2014,,82,Show
576,Power Rangers Super Megaforce,TV-Y7,Suitable for children ages 7 and older,41,2014,,82,Show
577,Chuggington,TV-Y,Suitable for all ages.,10,2015,,82,Show
578,All Hail King Julien,TV-Y7-FV,Suitable for children ages 7 and older.  Content contains fantasy violence.,42,2016,71.0,80,Show
579,The Adventures of Puss in Boots,TV-Y7-FV,Suitable for children ages 7 and older.  Content contains fantasy violence.,42,2016,78.0,80,Show
580,Kong: King of the Apes,TV-Y7-FV,Suitable for children ages 7 and older.  Content contains fantasy violence.,42,2016,,82,Show
582,Some Assembly Required,TV-G,Suitable for all ages.,35,2015,,82,Show
583,Dinotrux,TV-Y7-FV,Suitable for children ages 7 and older.  Content contains fantasy violence.,42,2017,,82,Show
584,Edgar Rice Burroughs' Tarzan and Jane,TV-Y7-FV,Suitable for children ages 7 and older.  Content contains fantasy violence.,42,2017,,82,Show
585,Kulipari: An Army of Frogs,TV-Y7-FV,Suitable for children ages 7 and older.  Content contains fantasy violence.,42,2016,,82,Show
586,Transformers: Robots in Disguise,TV-Y7,Suitable for children ages 7 and older,41,2016,,82,Show
587,Robocar Poli,TV-Y,Suitable for all ages.,10,2012,,82,Show
588,LEGO Bionicle: The Journey to One,TV-Y7-FV,Suitable for children ages 7 and older.  Content contains fantasy violence.,42,2016,,82,Show
589,Lego DC Comics: Batman Be-Leaguered,TV-Y7,Suitable for children ages 7 and older,41,2014,,82,Show
590,Voltron: Legendary Defender,TV-Y7-FV,Suitable for children ages 7 and older.  Content contains fantasy violence.,42,2017,,82,Show
591,Trollhunters,TV-Y7-FV,Suitable for children ages 7 and older.  Content contains fantasy violence.,42,2016,83.0,80,Show
592,Buddy Thunderstruck,TV-PG,Parental guidance suggested. May not be suitable for all children.,70,2017,,82,Show
593,Power Rangers Dino Charge,TV-Y7,Suitable for children ages 7 and older,41,2015,,82,Show
594,PokÃ©mon: XY,TV-Y7-FV,Suitable for children ages 7 and older.  Content contains fantasy violence.,42,2015,56.0,80,Show
595,Power Rangers Dino Super Charge,TV-Y7,Suitable for children ages 7 and older,41,2016,,82,Show
596,The Deep,TV-Y7,Suitable for children ages 7 and older,41,2015,,82,Show
597,Skylanders Academy,TV-Y7,Suitable for children ages 7 and older,41,2016,,82,Show
615,Cars Toons: Mater's Tall Tales,TV-G,Suitable for all ages.,35,2010,74.0,80,Show
616,Phineas and Ferb,TV-G,Suitable for all ages.,35,2012,89.0,80,Show
617,Super Why!,TV-Y,Suitable for all ages.,10,2015,68.0,80,Show
618,Jessie,TV-G,Suitable for all ages.,35,2015,88.0,80,Show
619,Disney Animation Collection: Vol. 1: Mickey and the Beanstalk,TV-G,Suitable for all ages.,35,2009,,82,Show
620,Lab Rats,TV-Y7,Suitable for children ages 7 and older,41,2016,85.0,80,Show
621,Masha and the Bear,TV-Y,Suitable for all ages.,10,2013,81.0,80,Show
622,Pocoyo,TV-Y,Suitable for all ages.,10,2007,67.0,80,Show
624,Chuggington,TV-Y,Suitable for all ages.,10,2015,,82,Show
625,Octonauts,TV-Y,Suitable for all ages.,10,2015,,82,Show
626,Dragons: Race to the Edge,TV-Y7-FV,Suitable for children ages 7 and older.  Content contains fantasy violence.,42,2017,88.0,80,Show
627,Mother Goose Club,TV-Y,Suitable for all ages.,10,2016,,82,Show
628,Little Einsteins,TV-Y,Suitable for all ages.,10,2007,70.0,80,Show
630,Dawn of the Croods,TV-Y7,Suitable for children ages 7 and older,41,2017,72.0,80,Show
631,Dinotrux,TV-Y7-FV,Suitable for children ages 7 and older.  Content contains fantasy violence.,42,2017,,82,Show
636,Home: Adventures with Tip & Oh,TV-Y7,Suitable for children ages 7 and older,41,2017,,82,Show
643,Ask the StoryBots,TV-Y,Suitable for all ages.,10,2016,,82,Show
644,The Furchester Hotel,TV-Y,Suitable for all ages.,10,2015,,82,Show
645,Goldie & Bear,TV-Y,Suitable for all ages.,10,2016,77.0,80,Show
646,Little Baby Bum: Nursery Rhyme Friends,TV-Y,Suitable for all ages.,10,2016,,82,Show
647,Angry Birds,TV-G,Suitable for all ages.,35,2013,,82,Show
648,Tayo the Little Bus,TV-Y,Suitable for all ages.,10,2014,,82,Show
649,Talking Tom and Friends,TV-G,Suitable for all ages.,35,2016,61.0,80,Show
665,Cars Toons: Mater's Tall Tales,TV-G,Suitable for all ages.,35,2010,74.0,80,Show
666,Super Why!,TV-Y,Suitable for all ages.,10,2015,68.0,80,Show
667,DreamWorks Shrek's Swamp Stories,TV-PG,Parental guidance suggested. May not be suitable for all children.,70,2008,56.0,80,Show
669,DreamWorks Spooky Stories: Volume 2,TV-PG,Parental guidance suggested. May not be suitable for all children.,70,2011,,82,Show
670,The Magic School Bus,TV-Y,Suitable for all ages.,10,1997,81.0,80,Show
671,Goosebumps,TV-Y7,Suitable for children ages 7 and older,41,1998,88.0,80,Show
672,Sammy 2,TV-PG,Parental guidance suggested. May not be suitable for all children.,70,2012,,82,Show
673,Disney Animation Collection: Vol. 1: Mickey and the Beanstalk,TV-G,Suitable for all ages.,35,2009,,82,Show
674,Masha and the Bear,TV-Y,Suitable for all ages.,10,2013,81.0,80,Show
675,Pocoyo,TV-Y,Suitable for all ages.,10,2007,67.0,80,Show
676,Sofia the First,TV-Y,Suitable for all ages.,10,2015,82.0,80,Show
677,Barbie Life in the Dreamhouse,TV-G,Suitable for all ages.,35,2012,85.0,80,Show
679,Larva,TV-G,Suitable for all ages.,35,2015,,82,Show
680,Sid the Science Kid,TV-Y,Suitable for all ages.,10,2008,,82,Show
681,Chuggington,TV-Y,Suitable for all ages.,10,2015,,82,Show
682,All Hail King Julien,TV-Y7-FV,Suitable for children ages 7 and older.  Content contains fantasy violence.,42,2016,71.0,80,Show
683,Octonauts,TV-Y,Suitable for all ages.,10,2015,,82,Show
685,Dragons: Race to the Edge,TV-Y7-FV,Suitable for children ages 7 and older.  Content contains fantasy violence.,42,2017,88.0,80,Show
686,Little Einsteins,TV-Y,Suitable for all ages.,10,2007,70.0,80,Show
688,Dinotrux,TV-Y7-FV,Suitable for children ages 7 and older.  Content contains fantasy violence.,42,2017,,82,Show
690,Word Party,TV-Y,Suitable for all ages.,10,2016,,82,Show
693,Home: Adventures with Tip & Oh,TV-Y7,Suitable for children ages 7 and older,41,2017,,82,Show
698,Goldie & Bear,TV-Y,Suitable for all ages.,10,2016,77.0,80,Show
699,Talking Tom and Friends,TV-G,Suitable for all ages.,35,2016,61.0,80,Show
714,Cars Toons: Mater's Tall Tales,TV-G,Suitable for all ages.,35,2010,74.0,80,Show
715,Super Why!,TV-Y,Suitable for all ages.,10,2015,68.0,80,Show
716,Jessie,TV-G,Suitable for all ages.,35,2015,88.0,80,Show
718,The Magic School Bus,TV-Y,Suitable for all ages.,10,1997,81.0,80,Show
719,Sammy 2,TV-PG,Parental guidance suggested. May not be suitable for all children.,70,2012,,82,Show
720,Masha and the Bear,TV-Y,Suitable for all ages.,10,2013,81.0,80,Show
721,Sofia the First,TV-Y,Suitable for all ages.,10,2015,82.0,80,Show
722,Barbie Life in the Dreamhouse,TV-G,Suitable for all ages.,35,2012,85.0,80,Show
723,Clifford the Big Red Dog,TV-Y,Suitable for all ages.,10,2002,,82,Show
726,Chuggington,TV-Y,Suitable for all ages.,10,2015,,82,Show
727,Octonauts,TV-Y,Suitable for all ages.,10,2015,,82,Show
729,Dragons: Race to the Edge,TV-Y7-FV,Suitable for children ages 7 and older.  Content contains fantasy violence.,42,2017,88.0,80,Show
730,Little Einsteins,TV-Y,Suitable for all ages.,10,2007,70.0,80,Show
732,Dinotrux,TV-Y7-FV,Suitable for children ages 7 and older.  Content contains fantasy violence.,42,2017,,82,Show
733,Walt Disney Animation Studios Short Films Collection,TV-G,Suitable for all ages.,35,2015,84.0,80,Show
735,Bunk'd,TV-G,Suitable for all ages.,35,2016,61.0,80,Show
746,Goldie & Bear,TV-Y,Suitable for all ages.,10,2016,77.0,80,Show
747,Little Baby Bum: Nursery Rhyme Friends,TV-Y,Suitable for all ages.,10,2016,,82,Show
749,The Real Ghostbusters,TV-Y7,Suitable for children ages 7 and older,41,1990,65.0,80,Show
759,Pocahontas II: Journey to a New World,TV-G,Suitable for all ages.,35,1998,64.0,80,Show
780,The Gruffalo,TV-Y,Suitable for all ages.,10,2009,,82,Show
781,DreamWorks How to Train Your Dragon Legends,TV-PG,Parental guidance suggested. May not be suitable for all children.,70,2011,,82,Show
783,The Magic School Bus,TV-Y,Suitable for all ages.,10,1997,81.0,80,Show
784,Animaniacs,TV-Y7,Suitable for children ages 7 and older,41,1997,72.0,80,Show
785,Disney Animation Collection: Vol. 4: The Tortoise and the Hare,TV-G,Suitable for all ages.,35,2009,,82,Show
786,PopPixie,TV-G,Suitable for all ages.,35,2011,,82,Show
790,The Adventures of Figaro Pho,TV-Y7,Suitable for children ages 7 and older,41,2015,,82,Show
792,Pet Pals in Windland,TV-G,Suitable for all ages.,35,2014,,82,Show
793,Walt Disney Animation Studios Short Films Collection,TV-G,Suitable for all ages.,35,2015,84.0,80,Show
794,Alpha and Omega: Dino Digs,TV-G,Suitable for all ages.,35,2016,,82,Show
797,Hatched,TV-Y7,Suitable for children ages 7 and older,41,2013,,82,Show
799,The Real Ghostbusters,TV-Y7,Suitable for children ages 7 and older,41,1990,65.0,80,Show
815,The Very Hungry Caterpillar and Other Stories,TV-Y,Suitable for all ages.,10,1993,,82,Show
817,Dino Squad,TV-Y7,Suitable for children ages 7 and older,41,2008,,82,Show
820,Ninja Turtles: The Next Mutation,TV-Y7-FV,Suitable for children ages 7 and older.  Content contains fantasy violence.,42,1997,,82,Show
821,Pound Puppies,TV-Y,Suitable for all ages.,10,2013,,82,Show
822,Sammy 2,TV-PG,Parental guidance suggested. May not be suitable for all children.,70,2012,,82,Show
823,Monster Math Squad,TV-G,Suitable for all ages.,35,2012,,82,Show
824,Care Bears: Welcome to Care-a-Lot,TV-Y,Suitable for all ages.,10,2012,,82,Show
825,Clifford the Big Red Dog,TV-Y,Suitable for all ages.,10,2002,,82,Show
826,Clifford's Puppy Days,TV-Y,Suitable for all ages.,10,2003,,82,Show
829,Dinosaur King,TV-Y7-FV,Suitable for children ages 7 and older.  Content contains fantasy violence.,42,2008,,82,Show
831,Chuggington,TV-Y,Suitable for all ages.,10,2015,,82,Show
832,Rooster Doodle-doo,TV-G,Suitable for all ages.,35,2014,,82,Show
833,Octonauts,TV-Y,Suitable for all ages.,10,2015,,82,Show
834,Kong: King of the Apes,TV-Y7-FV,Suitable for children ages 7 and older.  Content contains fantasy violence.,42,2016,,82,Show
835,My Animal Friends,TV-Y,Suitable for all ages.,10,2013,,82,Show
837,Puffin Rock,TV-Y,Suitable for all ages.,10,2016,,82,Show
838,Little Einsteins,TV-Y,Suitable for all ages.,10,2007,70.0,80,Show
840,Dinotrux,TV-Y7-FV,Suitable for children ages 7 and older.  Content contains fantasy violence.,42,2017,,82,Show
841,The Mr. Peabody and Sherman Show,TV-Y7,Suitable for children ages 7 and older,41,2017,,82,Show
842,Zoobabu,TV-Y,Suitable for all ages.,10,2010,,82,Show
843,Alpha and Omega: Dino Digs,TV-G,Suitable for all ages.,35,2016,,82,Show
844,Gon,TV-G,Suitable for all ages.,35,2013,,82,Show
845,Sid the Science Kid: The Movie,TV-Y,Suitable for all ages.,10,2012,,82,Show
848,LEGO Jurassic World: The Indominus Escape,TV-Y7,Suitable for children ages 7 and older,41,2016,,82,Show
849,The Real Ghostbusters,TV-Y7,Suitable for children ages 7 and older,41,1990,65.0,80,Show
859,Pocahontas II: Journey to a New World,TV-G,Suitable for all ages.,35,1998,64.0,80,Show
880,The Gruffalo,TV-Y,Suitable for all ages.,10,2009,,82,Show
881,DreamWorks How to Train Your Dragon Legends,TV-PG,Parental guidance suggested. May not be suitable for all children.,70,2011,,82,Show
883,The Magic School Bus,TV-Y,Suitable for all ages.,10,1997,81.0,80,Show
884,Animaniacs,TV-Y7,Suitable for children ages 7 and older,41,1997,72.0,80,Show
885,Disney Animation Collection: Vol. 4: The Tortoise and the Hare,TV-G,Suitable for all ages.,35,2009,,82,Show
886,PopPixie,TV-G,Suitable for all ages.,35,2011,,82,Show
890,The Adventures of Figaro Pho,TV-Y7,Suitable for children ages 7 and older,41,2015,,82,Show
892,Pet Pals in Windland,TV-G,Suitable for all ages.,35,2014,,82,Show
893,Walt Disney Animation Studios Short Films Collection,TV-G,Suitable for all ages.,35,2015,84.0,80,Show
894,Alpha and Omega: Dino Digs,TV-G,Suitable for all ages.,35,2016,,82,Show
897,Hatched,TV-Y7,Suitable for children ages 7 and older,41,2013,,82,Show
899,The Real Ghostbusters,TV-Y7,Suitable for children ages 7 and older,41,1990,65.0,80,Show
937,Animaniacs,TV-Y7,Suitable for children ages 7 and older,41,1997,72.0,80,Show
938,Disney Animation Collection: Vol. 1: Mickey and the Beanstalk,TV-G,Suitable for all ages.,35,2009,,82,Show
939,Disney Animation Collection: Vol. 2: Three Little Pigs,TV-G,Suitable for all ages.,35,2009,,82,Show
940,Disney Animation Collection: Vol. 4: The Tortoise and the Hare,TV-G,Suitable for all ages.,35,2009,,82,Show
946,Octonauts,TV-Y,Suitable for all ages.,10,2015,,82,Show
979,H2O: Just Add Water,TV-PG,Parental guidance suggested. May not be suitable for all children.,70,2009,74.0,80,Show
980,The Gruffalo,TV-Y,Suitable for all ages.,10,2009,,82,Show
982,Pound Puppies,TV-Y,Suitable for all ages.,10,2013,,82,Show
984,The Magic School Bus,TV-Y,Suitable for all ages.,10,1997,81.0,80,Show
985,Step Dogs,TV-PG,Parental guidance suggested. May not be suitable for all children.,70,2013,,82,Show
986,PokÃ©mon: Indigo League,TV-Y,Suitable for all ages.,10,2000,74.0,80,Show
987,Mia and Me,TV-Y,Suitable for all ages.,10,2015,,82,Show
990,My Animal Friends,TV-Y,Suitable for all ages.,10,2013,,82,Show
991,Dawn of the Croods,TV-Y7,Suitable for children ages 7 and older,41,2017,72.0,80,Show
992,Alpha and Omega: Dino Digs,TV-G,Suitable for all ages.,35,2016,,82,Show
997,Precious Puppies,TV-G,Suitable for all ages.,35,2003,,82,Show
998,Beary Tales,TV-G,Suitable for all ages.,35,2013,,82,Show
